episode,global_steps,score,avg_score,epsilon,avg_max_q
1,52,52,0,0.0,1.0,nan
2,35,87,0,0.0,1.0,nan
3,101,188,0,0.0,1.0,nan
4,90,278,0,0.0,1.0,nan
5,98,376,-1,-0.2,1.0,nan
6,84,460,-1,-0.3333333333333333,1.0,nan
7,36,496,1,-0.14285714285714285,1.0,nan
8,38,534,-1,-0.25,1.0,nan
9,54,588,0,-0.2222222222222222,1.0,nan
10,35,623,-1,-0.3,1.0,nan
11,35,658,-1,-0.36363636363636365,1.0,nan
12,60,718,-1,-0.4166666666666667,1.0,nan
13,59,777,-1,-0.46153846153846156,1.0,nan
14,71,848,-1,-0.5,1.0,nan
15,24,872,-1,-0.5333333333333333,1.0,nan
16,145,1017,1,-0.4375,1.0,nan
17,61,1078,-1,-0.47058823529411764,1.0,nan
18,31,1109,-1,-0.5,1.0,nan
19,46,1155,-1,-0.5263157894736842,1.0,nan
20,65,1220,0,-0.5,1.0,nan
21,64,1284,-1,-0.5238095238095238,1.0,nan
22,54,1338,-1,-0.5454545454545454,1.0,nan
23,101,1439,0,-0.5217391304347826,1.0,nan
24,96,1535,-1,-0.5416666666666666,1.0,nan
25,101,1636,0,-0.52,1.0,nan
26,98,1734,-1,-0.5384615384615384,1.0,nan
27,50,1784,-1,-0.5555555555555556,1.0,nan
28,101,1885,0,-0.5357142857142857,1.0,nan
29,62,1947,-1,-0.5517241379310345,1.0,nan
30,92,2039,0,-0.5333333333333333,1.0,nan
31,94,2133,0,-0.5161290322580645,1.0,nan
32,77,2210,0,-0.5,1.0,nan
33,38,2248,-1,-0.5151515151515151,1.0,nan
34,57,2305,1,-0.47058823529411764,1.0,nan
35,66,2371,-1,-0.4857142857142857,1.0,nan
36,101,2472,0,-0.4722222222222222,1.0,nan
37,110,2582,0,-0.4594594594594595,1.0,nan
38,112,2694,1,-0.42105263157894735,1.0,nan
39,71,2765,-1,-0.4358974358974359,1.0,nan
40,67,2832,0,-0.425,1.0,nan
41,26,2858,-1,-0.43902439024390244,1.0,nan
42,56,2914,-1,-0.4523809523809524,1.0,nan
43,33,2947,-1,-0.46511627906976744,1.0,nan
44,69,3016,-1,-0.4772727272727273,1.0,nan
45,101,3117,0,-0.4666666666666667,1.0,nan
46,101,3218,0,-0.45652173913043476,1.0,nan
47,101,3319,0,-0.44680851063829785,1.0,nan
48,101,3420,0,-0.4375,1.0,nan
49,101,3521,0,-0.42857142857142855,1.0,nan
50,28,3549,-1,-0.44,1.0,nan
51,42,3591,-1,-0.45098039215686275,1.0,nan
52,104,3695,0,-0.4423076923076923,1.0,nan
53,101,3796,0,-0.4339622641509434,1.0,nan
54,38,3834,-1,-0.4444444444444444,1.0,nan
55,47,3881,-1,-0.45454545454545453,1.0,nan
56,101,3982,0,-0.44642857142857145,1.0,nan
57,75,4057,-1,-0.45614035087719296,1.0,nan
58,39,4096,-1,-0.46551724137931033,1.0,nan
59,101,4197,0,-0.4576271186440678,1.0,nan
60,58,4255,1,-0.43333333333333335,1.0,nan
61,97,4352,-1,-0.4426229508196721,1.0,nan
62,133,4485,2,-0.4032258064516129,1.0,nan
63,54,4539,-1,-0.4126984126984127,1.0,nan
64,56,4595,-1,-0.421875,1.0,nan
65,52,4647,1,-0.4,1.0,nan
66,40,4687,0,-0.3939393939393939,1.0,nan
67,46,4733,-1,-0.40298507462686567,1.0,nan
68,101,4834,0,-0.39705882352941174,1.0,nan
69,101,4935,0,-0.391304347826087,1.0,nan
70,82,5017,-1,-0.4,1.0,nan
71,26,5043,-1,-0.4084507042253521,1.0,nan
72,41,5084,1,-0.3888888888888889,1.0,nan
73,72,5156,-1,-0.3972602739726027,1.0,nan
74,39,5195,-1,-0.40540540540540543,1.0,nan
75,49,5244,0,-0.4,1.0,nan
76,43,5287,-1,-0.40789473684210525,1.0,nan
77,101,5388,0,-0.4025974025974026,1.0,nan
78,70,5458,0,-0.3974358974358974,1.0,nan
79,35,5493,-1,-0.4050632911392405,1.0,nan
80,101,5594,0,-0.4,1.0,nan
81,68,5662,-1,-0.4074074074074074,1.0,nan
82,80,5742,-1,-0.4146341463414634,1.0,nan
83,33,5775,-1,-0.42168674698795183,1.0,nan
84,101,5876,0,-0.4166666666666667,1.0,nan
85,46,5922,-1,-0.4235294117647059,1.0,nan
86,101,6023,0,-0.4186046511627907,1.0,nan
87,101,6124,0,-0.41379310344827586,1.0,nan
88,48,6172,1,-0.3977272727272727,1.0,nan
89,101,6273,0,-0.39325842696629215,1.0,nan
90,83,6356,2,-0.36666666666666664,1.0,nan
91,38,6394,-1,-0.37362637362637363,1.0,nan
92,101,6495,0,-0.3695652173913043,1.0,nan
93,101,6596,0,-0.3655913978494624,1.0,nan
94,30,6626,-1,-0.3723404255319149,1.0,nan
95,81,6707,-1,-0.37894736842105264,1.0,nan
96,101,6808,0,-0.375,1.0,nan
97,91,6899,-1,-0.38144329896907214,1.0,nan
98,49,6948,-1,-0.3877551020408163,1.0,nan
99,101,7049,0,-0.3838383838383838,1.0,nan
100,85,7134,-1,-0.39,1.0,nan
101,101,7235,0,-0.39,1.0,nan
102,97,7332,1,-0.38,1.0,nan
103,34,7366,0,-0.38,1.0,nan
104,53,7419,-1,-0.39,1.0,nan
105,50,7469,-1,-0.39,1.0,nan
106,74,7543,-1,-0.39,1.0,nan
107,100,7643,-1,-0.41,1.0,nan
108,32,7675,-1,-0.41,1.0,nan
109,37,7712,0,-0.41,1.0,nan
110,75,7787,-1,-0.41,1.0,nan
111,27,7814,-1,-0.41,1.0,nan
112,55,7869,-1,-0.41,1.0,nan
113,32,7901,-1,-0.41,1.0,nan
114,30,7931,0,-0.4,1.0,nan
115,39,7970,-1,-0.4,1.0,nan
116,101,8071,0,-0.41,1.0,nan
117,28,8099,-1,-0.41,1.0,nan
118,74,8173,-1,-0.41,1.0,nan
119,93,8266,0,-0.4,1.0,nan
120,101,8367,0,-0.4,1.0,nan
121,34,8401,-1,-0.4,1.0,nan
122,29,8430,-1,-0.4,1.0,nan
123,101,8531,0,-0.4,1.0,nan
124,101,8632,0,-0.39,1.0,nan
125,60,8692,-1,-0.4,1.0,nan
126,40,8732,-1,-0.4,1.0,nan
127,57,8789,-1,-0.4,1.0,nan
128,99,8888,-1,-0.41,1.0,nan
129,62,8950,-1,-0.41,1.0,nan
130,56,9006,-1,-0.42,1.0,nan
131,68,9074,1,-0.41,1.0,nan
132,45,9119,0,-0.41,1.0,nan
133,158,9277,2,-0.38,1.0,nan
134,82,9359,-1,-0.4,1.0,nan
135,50,9409,-1,-0.4,1.0,nan
136,160,9569,2,-0.38,1.0,nan
137,72,9641,-1,-0.39,1.0,nan
138,75,9716,-1,-0.41,1.0,nan
139,36,9752,-1,-0.41,1.0,nan
140,24,9776,0,-0.41,1.0,nan
141,47,9823,-1,-0.41,1.0,nan
142,42,9865,-1,-0.41,1.0,nan
143,95,9960,2,-0.38,1.0,nan
144,101,10061,0,-0.37,1.0,nan
145,57,10118,0,-0.37,1.0,nan
146,55,10173,0,-0.37,1.0,nan
147,97,10270,-1,-0.38,1.0,nan
148,83,10353,-1,-0.39,1.0,nan
149,55,10408,-1,-0.4,1.0,nan
150,101,10509,0,-0.39,1.0,nan
151,64,10573,-1,-0.39,1.0,nan
152,64,10637,-1,-0.4,1.0,nan
153,101,10738,0,-0.4,1.0,nan
154,70,10808,-1,-0.4,1.0,nan
155,87,10895,-1,-0.4,1.0,nan
156,101,10996,0,-0.4,1.0,nan
157,57,11053,-1,-0.4,1.0,nan
158,101,11154,0,-0.39,1.0,nan
159,36,11190,0,-0.39,1.0,nan
160,55,11245,-1,-0.41,1.0,nan
161,73,11318,0,-0.4,1.0,nan
162,26,11344,-1,-0.43,1.0,nan
163,27,11371,-1,-0.43,1.0,nan
164,79,11450,-1,-0.43,1.0,nan
165,100,11550,0,-0.44,1.0,nan
166,86,11636,-1,-0.45,1.0,nan
167,65,11701,-1,-0.45,1.0,nan
168,104,11805,4,-0.41,1.0,nan
169,54,11859,-1,-0.42,1.0,nan
170,31,11890,-1,-0.42,1.0,nan
171,39,11929,-1,-0.42,1.0,nan
172,45,11974,0,-0.43,1.0,nan
173,43,12017,-1,-0.43,1.0,nan
174,155,12172,2,-0.4,1.0,nan
175,44,12216,-1,-0.41,1.0,nan
176,48,12264,-1,-0.41,1.0,nan
177,74,12338,-1,-0.42,1.0,nan
178,101,12439,0,-0.42,1.0,nan
179,135,12574,5,-0.36,0.9997336000000006,0.78313684
180,46,12620,1,-0.35,0.9995680000000009,0.66854846
181,68,12688,-1,-0.35,0.9993232000000014,0.52570194
182,54,12742,-1,-0.35,0.9991288000000018,0.39403197
183,28,12770,-1,-0.35,0.999028000000002,0.36877376
184,36,12806,-1,-0.36,0.9988984000000023,0.37563154
185,48,12854,-1,-0.36,0.9987256000000027,0.4299847
186,81,12935,-1,-0.37,0.9984340000000033,0.43692887
187,163,13098,1,-0.36,0.9978472000000045,0.633602
188,55,13153,0,-0.37,0.9976492000000049,0.7070707
189,88,13241,-1,-0.38,0.9973324000000056,0.6563467
190,67,13308,-1,-0.41,0.9970912000000061,0.6955127
191,59,13367,0,-0.4,0.9968788000000065,0.74392843
192,40,13407,-1,-0.41,0.9967348000000068,0.77197486
193,75,13482,0,-0.41,0.9964648000000074,0.7611937
194,45,13527,-1,-0.41,0.9963028000000077,0.72750914
195,160,13687,1,-0.39,0.9957268000000089,0.7287992
196,47,13734,-1,-0.4,0.9955576000000093,0.7680329
197,43,13777,-1,-0.4,0.9954028000000096,0.817531
198,52,13829,0,-0.39,0.99521560000001,0.8345127
199,100,13929,-1,-0.4,0.9948556000000107,0.7792336
200,117,14046,2,-0.37,0.9944344000000116,0.6711271
201,43,14089,-1,-0.38,0.9942796000000119,0.6297517
202,55,14144,-1,-0.4,0.9940816000000123,0.62628496
203,38,14182,-1,-0.41,0.9939448000000126,0.6172154
204,116,14298,0,-0.4,0.9935272000000135,0.61393934
205,37,14335,0,-0.39,0.9933940000000138,0.5553549
206,101,14436,0,-0.38,0.9930304000000145,0.49567956
207,100,14536,-1,-0.38,0.9926704000000153,0.58617914
208,101,14637,0,-0.37,0.992306800000016,0.49604544
209,107,14744,3,-0.34,0.9919216000000168,0.49161577
210,64,14808,-1,-0.34,0.9916912000000173,0.49222577
211,101,14909,0,-0.33,0.9913276000000181,0.43982753
212,101,15010,0,-0.32,0.9909640000000188,0.46554303
213,48,15058,0,-0.31,0.9907912000000192,0.4762238
214,84,15142,0,-0.31,0.9904888000000198,0.9312187
215,45,15187,-1,-0.31,0.9903268000000202,0.67917204
216,38,15225,0,-0.31,0.9901900000000204,0.008133119
217,93,15318,4,-0.26,0.9898552000000211,0.6717234
218,82,15400,-1,-0.26,0.9895600000000218,0.96348035
219,70,15470,-1,-0.27,0.9893080000000223,0.85438097
220,37,15507,-1,-0.28,0.9891748000000226,0.7374042
221,67,15574,-1,-0.28,0.9889336000000231,0.15797354
222,77,15651,-1,-0.28,0.9886564000000236,-0.38884103
223,101,15752,0,-0.28,0.9882928000000244,0.6073712
224,57,15809,0,-0.28,0.9880876000000248,0.7108383
225,82,15891,-1,-0.28,0.9877924000000254,0.7295203
226,54,15945,-1,-0.28,0.9875980000000258,0.7051853
227,34,15979,-1,-0.28,0.9874756000000261,0.6891887
228,124,16103,0,-0.27,0.987029200000027,0.7452059
229,50,16153,-1,-0.27,0.9868492000000274,0.79114693
230,101,16254,0,-0.26,0.9864856000000282,0.6709291
231,75,16329,1,-0.26,0.9862156000000287,-0.07558503
232,35,16364,-1,-0.27,0.986089600000029,-0.44104984
233,47,16411,-1,-0.3,0.9859204000000293,-0.45495093
234,56,16467,-1,-0.3,0.9857188000000298,0.7362261
235,93,16560,3,-0.26,0.9853840000000305,1.0744377
236,50,16610,-1,-0.29,0.9852040000000308,0.8759919
237,40,16650,-1,-0.29,0.9850600000000311,0.6630497
238,93,16743,-1,-0.29,0.9847252000000318,0.67864
239,38,16781,-1,-0.29,0.9845884000000321,0.8311093
240,34,16815,-1,-0.3,0.9844660000000324,0.8492706
241,39,16854,-1,-0.3,0.9843256000000327,0.85085714
242,101,16955,0,-0.29,0.9839620000000334,0.7139282
243,55,17010,0,-0.31,0.9837640000000338,0.62813365
244,101,17111,0,-0.31,0.9834004000000346,-0.15771268
245,101,17212,0,-0.31,0.9830368000000353,-0.35987246
246,76,17288,-1,-0.32,0.9827632000000359,0.026107352
247,51,17339,0,-0.31,0.9825796000000363,0.41013375
248,42,17381,0,-0.3,0.9824284000000366,0.5304601
249,101,17482,0,-0.29,0.9820648000000374,0.50651884
250,65,17547,0,-0.29,0.9818308000000379,0.5874741
251,101,17648,0,-0.28,0.9814672000000386,0.6835002
252,88,17736,-1,-0.28,0.9811504000000393,0.7697746
253,74,17810,0,-0.28,0.9808840000000398,0.78330714
254,54,17864,0,-0.27,0.9806896000000402,0.8418223
255,43,17907,-1,-0.27,0.9805348000000406,0.8306565
256,101,18008,0,-0.27,0.9801712000000413,0.8191719
257,52,18060,-1,-0.27,0.9799840000000417,0.7923635
258,101,18161,0,-0.27,0.9796204000000425,0.7687415
259,140,18301,1,-0.26,0.9791164000000435,0.5044962
260,26,18327,-1,-0.26,0.9790228000000437,0.21943128
261,101,18428,0,-0.26,0.9786592000000445,0.102244094
262,70,18498,-1,-0.26,0.978407200000045,0.80016184
263,53,18551,0,-0.25,0.9782164000000454,0.8367918
264,101,18652,0,-0.24,0.9778528000000462,0.4731288
265,113,18765,0,-0.24,0.977446000000047,1.1251142
266,100,18865,-1,-0.24,0.9770860000000477,0.56485206
267,97,18962,-1,-0.24,0.9767368000000485,-0.019627955
268,60,19022,-1,-0.29,0.9765208000000489,0.50358313
269,101,19123,0,-0.28,0.9761572000000497,0.36649266
270,39,19162,-1,-0.28,0.97601680000005,0.6898231
271,41,19203,-1,-0.28,0.9758692000000503,0.48118293
272,78,19281,-1,-0.29,0.9755884000000509,0.6651439
273,35,19316,-1,-0.29,0.9754624000000511,0.65103334
274,54,19370,-1,-0.32,0.9752680000000515,0.27917087
275,27,19397,0,-0.31,0.9751708000000517,0.3657157
276,52,19449,-1,-0.31,0.9749836000000521,0.66014946
277,53,19502,-1,-0.31,0.9747928000000525,0.20288108
278,63,19565,-1,-0.32,0.974566000000053,0.6507375
279,101,19666,0,-0.37,0.9742024000000538,0.27386594
280,50,19716,-1,-0.39,0.9740224000000541,0.63281727
281,51,19767,0,-0.38,0.9738388000000545,0.33224052
282,144,19911,0,-0.37,0.9733204000000556,0.24956584
283,58,19969,-1,-0.37,0.973111600000056,0.24891181
284,85,20054,0,-0.36,0.9728056000000567,0.13994128
285,53,20107,0,-0.35,0.9726148000000571,0.16579065
286,31,20138,-1,-0.35,0.9725032000000573,-0.05383655
287,25,20163,-1,-0.37,0.9724132000000575,-0.3242582
288,67,20230,-1,-0.38,0.972172000000058,0.45133787
289,57,20287,-1,-0.38,0.9719668000000584,0.18500215
290,101,20388,0,-0.37,0.9716032000000592,-0.3368041
291,56,20444,-1,-0.38,0.9714016000000596,0.36862028
292,28,20472,-1,-0.38,0.9713008000000598,0.35430843
293,73,20545,-1,-0.39,0.9710380000000604,-0.23982832
294,47,20592,-1,-0.39,0.9708688000000607,-0.0730779
295,39,20631,-1,-0.41,0.970728400000061,0.2170727
296,44,20675,-1,-0.41,0.9705700000000613,-0.30166423
297,43,20718,-1,-0.41,0.9704152000000617,-0.2367529
298,45,20763,0,-0.41,0.970253200000062,0.26589632
299,101,20864,0,-0.4,0.9698896000000627,0.024249373
300,101,20965,0,-0.42,0.9695260000000635,0.0784914
301,50,21015,-1,-0.42,0.9693460000000639,-0.07192929
302,128,21143,1,-0.4,0.9688852000000648,-0.17346764
303,54,21197,-1,-0.4,0.9686908000000652,-0.20866534
304,52,21249,-1,-0.41,0.9685036000000656,-0.12262006
305,76,21325,-1,-0.42,0.9682300000000662,-0.08280866
306,101,21426,0,-0.42,0.967866400000067,-0.16498657
307,67,21493,0,-0.41,0.9676252000000675,-0.13272676
308,39,21532,-1,-0.42,0.9674848000000678,-0.15395667
309,68,21600,0,-0.45,0.9672400000000683,-0.23143667
310,62,21662,-1,-0.45,0.9670168000000687,-0.061396565
311,36,21698,-1,-0.46,0.966887200000069,-0.13991259
312,34,21732,-1,-0.47,0.9667648000000693,-0.1903173
313,96,21828,-1,-0.48,0.96641920000007,-0.16481225
314,101,21929,0,-0.48,0.9660556000000707,0.15805303
315,62,21991,-1,-0.48,0.9658324000000712,-0.17593426
316,46,22037,1,-0.47,0.9656668000000715,0.020024832
317,101,22138,0,-0.51,0.9653032000000723,-0.070569
318,33,22171,-1,-0.51,0.9651844000000726,-0.07795914
319,50,22221,0,-0.5,0.9650044000000729,0.270598
320,101,22322,0,-0.49,0.9646408000000737,-0.013760123
321,101,22423,0,-0.48,0.9642772000000744,0.430834
322,97,22520,-1,-0.48,0.9639280000000752,0.32616138
323,29,22549,-1,-0.49,0.9638236000000754,0.38023603
324,132,22681,0,-0.49,0.9633484000000764,0.34678072
325,66,22747,-1,-0.49,0.9631108000000769,0.35728806
326,91,22838,-1,-0.49,0.9627832000000776,0.3709049
327,101,22939,0,-0.48,0.9624196000000783,0.3660544
328,101,23040,0,-0.48,0.9620560000000791,0.37176764
329,96,23136,0,-0.47,0.9617104000000798,0.3688798
330,64,23200,-1,-0.48,0.9614800000000803,0.37979066
331,61,23261,-1,-0.5,0.9612604000000807,0.37194484
332,92,23353,-1,-0.5,0.9609292000000814,0.375438
333,39,23392,0,-0.49,0.9607888000000817,0.37030512
334,99,23491,0,-0.48,0.9604324000000825,0.3594725
335,101,23592,0,-0.51,0.9600688000000832,0.37583742
336,97,23689,-1,-0.51,0.9597196000000839,0.3789353
337,42,23731,0,-0.5,0.9595684000000843,0.3799265
338,62,23793,-1,-0.5,0.9593452000000847,0.37864867
339,101,23894,0,-0.49,0.9589816000000855,0.37379628
340,101,23995,0,-0.48,0.9586180000000862,0.37689078
341,101,24096,0,-0.47,0.958254400000087,0.38247553
342,98,24194,2,-0.45,0.9579016000000877,0.37072903
343,72,24266,0,-0.45,0.9576424000000883,0.37166816
344,77,24343,0,-0.45,0.9573652000000888,0.3744161
345,41,24384,-1,-0.46,0.9572176000000892,0.38288853
346,101,24485,0,-0.45,0.9568540000000899,0.36796024
347,101,24586,0,-0.45,0.9564904000000907,0.3728345
348,101,24687,0,-0.45,0.9561268000000914,0.37333488
349,62,24749,-1,-0.46,0.9559036000000919,0.3714572
350,101,24850,0,-0.46,0.9555400000000926,0.3715617
351,101,24951,0,-0.46,0.9551764000000934,0.37772483
352,40,24991,-1,-0.46,0.9550324000000937,0.3691889
353,67,25058,-1,-0.47,0.9547912000000942,0.36610758
354,146,25204,2,-0.45,0.9542656000000953,0.3671909
355,49,25253,-1,-0.45,0.9540892000000957,0.37035823
356,53,25306,0,-0.45,0.9538984000000961,0.35270125
357,35,25341,-1,-0.45,0.9537724000000963,0.36726296
358,75,25416,-1,-0.46,0.9535024000000969,0.36636811
359,32,25448,-1,-0.48,0.9533872000000971,0.36209112
360,35,25483,-1,-0.48,0.9532612000000974,0.3530707
361,125,25608,2,-0.46,0.9528112000000983,0.36171138
362,84,25692,0,-0.45,0.952508800000099,0.36546624
363,68,25760,-1,-0.46,0.9522640000000995,0.37045538
364,106,25866,2,-0.44,0.9518824000001003,0.38308358
365,39,25905,-1,-0.45,0.9517420000001006,0.37019005
366,142,26047,2,-0.42,0.9512308000001016,0.3552814
367,101,26148,0,-0.41,0.9508672000001024,0.36086267
368,101,26249,0,-0.4,0.9505036000001031,0.37100896
369,100,26349,-1,-0.41,0.9501436000001039,0.35814625
370,212,26561,1,-0.39,0.9493804000001055,0.35876626
371,48,26609,-1,-0.39,0.9492076000001058,0.3377189
372,76,26685,1,-0.37,0.9489340000001064,0.3511581
373,47,26732,-1,-0.37,0.9487648000001068,0.36568293
374,60,26792,-1,-0.37,0.9485488000001072,0.35683823
375,49,26841,-1,-0.38,0.9483724000001076,0.36125767
376,69,26910,-1,-0.38,0.9481240000001081,0.36769396
377,86,26996,6,-0.31,0.9478144000001087,0.367886
378,97,27093,-1,-0.31,0.9474652000001095,0.35778406
379,101,27194,0,-0.31,0.9471016000001102,0.36008248
380,79,27273,-1,-0.31,0.9468172000001108,0.36237338
381,101,27374,0,-0.31,0.9464536000001116,0.37415525
382,101,27475,0,-0.31,0.9460900000001123,0.3556093
383,47,27522,-1,-0.31,0.9459208000001127,0.3875591
384,53,27575,0,-0.31,0.9457300000001131,0.37655464
385,39,27614,0,-0.31,0.9455896000001134,0.36205882
386,34,27648,-1,-0.31,0.9454672000001136,0.37508494
387,63,27711,0,-0.3,0.9452404000001141,0.36203474
388,101,27812,0,-0.29,0.9448768000001149,0.34287292
389,77,27889,0,-0.28,0.9445996000001154,0.35625494
390,92,27981,-1,-0.29,0.9442684000001161,0.36093166
391,63,28044,-1,-0.29,0.9440416000001166,0.38216728
392,42,28086,0,-0.28,0.9438904000001169,0.37102032
393,59,28145,-1,-0.28,0.9436780000001174,0.3564965
394,101,28246,0,-0.27,0.9433144000001181,0.38565123
395,101,28347,0,-0.26,0.9429508000001189,0.3884837
396,101,28448,0,-0.25,0.9425872000001196,0.36224064
397,101,28549,0,-0.24,0.9422236000001204,0.39227968
398,41,28590,-1,-0.25,0.9420760000001207,0.36423826
399,36,28626,-1,-0.26,0.941946400000121,0.3562145
400,57,28683,-1,-0.27,0.9417412000001214,0.37491882
401,86,28769,-1,-0.27,0.941431600000122,0.35535792
402,57,28826,-1,-0.29,0.9412264000001225,0.39229196
403,34,28860,-1,-0.29,0.9411040000001227,0.38690126
404,80,28940,1,-0.27,0.9408160000001233,0.3619051
405,104,29044,0,-0.26,0.9404416000001241,0.3838639
406,101,29145,0,-0.26,0.9400780000001249,0.31717128
407,101,29246,0,-0.26,0.9397144000001256,0.47659963
408,101,29347,0,-0.25,0.9393508000001264,0.3686809
409,101,29448,0,-0.25,0.9389872000001271,0.3692245
410,32,29480,0,-0.24,0.9388720000001274,0.33667785
411,39,29519,-1,-0.24,0.9387316000001277,0.39054424
412,95,29614,-1,-0.24,0.9383896000001284,0.30700088
413,48,29662,-1,-0.24,0.9382168000001287,0.3940415
414,114,29776,0,-0.24,0.9378064000001296,0.2937748
415,83,29859,-1,-0.24,0.9375076000001302,0.29762873
416,69,29928,-1,-0.26,0.9372592000001307,0.37468284
417,33,29961,-1,-0.27,0.937140400000131,0.34485644
418,86,30047,1,-0.25,0.9368308000001316,0.359333
419,41,30088,-1,-0.26,0.9366832000001319,0.3261955
420,101,30189,0,-0.26,0.9363196000001327,0.36021018
421,96,30285,-1,-0.27,0.9359740000001334,0.32772005
422,50,30335,-1,-0.27,0.9357940000001338,0.36064535
423,59,30394,-1,-0.27,0.9355816000001342,0.34866586
424,95,30489,-1,-0.28,0.935239600000135,0.37017298
425,51,30540,-1,-0.28,0.9350560000001353,0.36976385
426,101,30641,0,-0.27,0.9346924000001361,0.35175225
427,50,30691,1,-0.26,0.9345124000001365,0.3500019
428,71,30762,-1,-0.27,0.934256800000137,0.37957704
429,30,30792,-1,-0.28,0.9341488000001372,0.35635823
430,67,30859,0,-0.27,0.9339076000001377,0.3603741
431,37,30896,-1,-0.27,0.933774400000138,0.36077148
432,35,30931,-1,-0.27,0.9336484000001383,0.37438864
433,80,31011,-1,-0.28,0.9333604000001389,0.36340505
434,118,31129,0,-0.28,0.9329356000001398,0.36567527
435,60,31189,-1,-0.29,0.9327196000001402,0.37442055
436,74,31263,1,-0.27,0.9324532000001408,0.3743531
437,90,31353,5,-0.22,0.9321292000001414,0.35688436
438,44,31397,-1,-0.22,0.9319708000001418,0.354378
439,101,31498,0,-0.22,0.9316072000001425,0.37602037
440,101,31599,0,-0.22,0.9312436000001433,0.3841822
441,42,31641,-1,-0.23,0.9310924000001436,0.36481792
442,42,31683,-1,-0.26,0.9309412000001439,0.36896947
443,83,31766,-1,-0.27,0.9306424000001445,0.36927986
444,22,31788,-1,-0.28,0.9305632000001447,0.36975184
445,76,31864,-1,-0.28,0.9302896000001453,0.38457346
446,58,31922,-1,-0.29,0.9300808000001457,0.37134862
447,73,31995,-1,-0.3,0.9298180000001462,0.38589844
448,48,32043,-1,-0.31,0.9296452000001466,0.37883508
449,101,32144,0,-0.3,0.9292816000001474,0.37202293
450,69,32213,0,-0.3,0.9290332000001479,0.36788043
451,143,32356,3,-0.27,0.928518400000149,0.37421495
452,78,32434,0,-0.26,0.9282376000001495,0.3814112
453,155,32589,0,-0.25,0.9276796000001507,0.4354294
454,70,32659,-1,-0.28,0.9274276000001512,0.43222314
455,96,32755,0,-0.27,0.927082000000152,0.43014038
456,114,32869,6,-0.21,0.9266716000001528,0.42836642
457,43,32912,-1,-0.21,0.9265168000001531,0.43634278
458,68,32980,-1,-0.21,0.9262720000001536,0.4314763
459,128,33108,1,-0.19,0.9258112000001546,0.4211145
460,101,33209,0,-0.18,0.9254476000001554,0.42779768
461,182,33391,1,-0.19,0.9247924000001567,0.41989198
462,101,33492,0,-0.19,0.9244288000001575,0.419222
463,101,33593,-1,-0.19,0.9240652000001582,0.4080595
464,50,33643,-1,-0.22,0.9238852000001586,0.43292692
465,40,33683,0,-0.21,0.9237412000001589,0.4149041
466,92,33775,1,-0.22,0.9234100000001596,0.4156769
467,43,33818,-1,-0.23,0.9232552000001599,0.40943313
468,76,33894,-1,-0.24,0.9229816000001605,0.42030606
469,42,33936,-1,-0.24,0.9228304000001608,0.41729122
470,101,34037,0,-0.25,0.9224668000001616,0.4215492
471,101,34138,0,-0.24,0.9221032000001623,0.4221501
472,87,34225,-1,-0.26,0.921790000000163,0.4107355
473,63,34288,-1,-0.26,0.9215632000001635,0.42991507
474,68,34356,-1,-0.26,0.921318400000164,0.4247774
475,82,34438,-1,-0.26,0.9210232000001646,0.42634583
476,54,34492,-1,-0.26,0.920828800000165,0.43474615
477,85,34577,1,-0.31,0.9205228000001656,0.4290533
478,64,34641,-1,-0.31,0.9202924000001661,0.43668038
479,108,34749,0,-0.31,0.9199036000001669,0.4247575
480,92,34841,-1,-0.31,0.9195724000001676,0.42410386
481,81,34922,-1,-0.32,0.9192808000001682,0.4205077
482,91,35013,-1,-0.33,0.9189532000001689,0.41969377
483,75,35088,-1,-0.33,0.9186832000001695,0.43665725
484,101,35189,0,-0.33,0.9183196000001702,0.41681117
485,140,35329,0,-0.33,0.9178156000001713,0.4218815
486,114,35443,0,-0.32,0.9174052000001721,0.4171201
487,165,35608,1,-0.31,0.9168112000001734,0.42593423
488,71,35679,-1,-0.32,0.9165556000001739,0.42507714
489,92,35771,-1,-0.33,0.9162244000001746,0.42402428
490,101,35872,0,-0.32,0.9158608000001753,0.41739488
491,101,35973,0,-0.31,0.9154972000001761,0.41390735
492,101,36074,0,-0.31,0.9151336000001769,0.4207791
493,29,36103,-1,-0.31,0.9150292000001771,0.42747736
494,39,36142,-1,-0.32,0.9148888000001774,0.4360233
495,180,36322,5,-0.27,0.9142408000001787,0.42726338
496,101,36423,0,-0.27,0.9138772000001795,0.42929387
497,71,36494,-1,-0.28,0.91362160000018,0.41749457
498,66,36560,-1,-0.28,0.9133840000001805,0.4220838
499,56,36616,-1,-0.28,0.9131824000001809,0.4269694
500,94,36710,1,-0.26,0.9128440000001816,0.4196182
501,67,36777,-1,-0.26,0.9126028000001821,0.42757633
502,101,36878,0,-0.25,0.9122392000001829,0.4205953
503,99,36977,-1,-0.25,0.9118828000001836,0.42180854
504,62,37039,-1,-0.27,0.9116596000001841,0.42336917
505,197,37236,1,-0.26,0.9109504000001856,0.42223945
506,101,37337,0,-0.26,0.9105868000001863,0.4150824
507,45,37382,0,-0.26,0.9104248000001867,0.41816592
508,101,37483,0,-0.26,0.9100612000001874,0.43515316
509,88,37571,-1,-0.27,0.9097444000001881,0.41997063
510,49,37620,-1,-0.28,0.9095680000001884,0.41965508
511,24,37644,-1,-0.28,0.9094816000001886,0.41539532
512,75,37719,-1,-0.28,0.9092116000001892,0.4269652
513,100,37819,-1,-0.28,0.9088516000001899,0.42484307
514,55,37874,-1,-0.29,0.9086536000001904,0.4275296
515,88,37962,0,-0.28,0.908336800000191,0.41206872
516,101,38063,0,-0.27,0.9079732000001918,0.42660248
517,45,38108,-1,-0.27,0.9078112000001921,0.4360917
518,97,38205,-1,-0.29,0.9074620000001928,0.42880955
519,84,38289,1,-0.27,0.9071596000001935,0.42180288
520,238,38527,7,-0.2,0.9063028000001953,0.42943645
521,65,38592,-1,-0.2,0.9060688000001957,0.41658106
522,26,38618,-1,-0.2,0.9059752000001959,0.43610147
523,53,38671,-1,-0.2,0.9057844000001963,0.42748535
524,101,38772,0,-0.19,0.9054208000001971,0.42835963
525,101,38873,0,-0.18,0.9050572000001978,0.42418075
526,60,38933,-1,-0.19,0.9048412000001983,0.42178068
527,101,39034,0,-0.2,0.9044776000001991,0.42263073
528,101,39135,0,-0.19,0.9041140000001998,0.41548273
529,101,39236,0,-0.18,0.9037504000002006,0.43226212
530,100,39336,1,-0.17,0.9033904000002013,0.43448657
531,101,39437,0,-0.16,0.9030268000002021,0.4290478
532,162,39599,1,-0.14,0.9024436000002033,0.4213155
533,43,39642,0,-0.13,0.9022888000002036,0.42413086
534,90,39732,-1,-0.14,0.9019648000002043,0.42932737
535,61,39793,-1,-0.14,0.9017452000002047,0.42396182
536,32,39825,-1,-0.16,0.901630000000205,0.41545674
537,40,39865,-1,-0.22,0.9014860000002053,0.42383605
538,35,39900,-1,-0.22,0.9013600000002056,0.4351747
539,147,40047,9,-0.13,0.9008308000002067,0.43250853
540,43,40090,-1,-0.14,0.900676000000207,0.42539895
541,53,40143,-1,-0.14,0.9004852000002074,0.42626694
542,46,40189,-1,-0.14,0.9003196000002077,0.4258976
543,101,40290,0,-0.13,0.8999560000002085,0.41542315
544,101,40391,0,-0.12,0.8995924000002092,0.4200383
545,116,40507,0,-0.11,0.8991748000002101,0.41897404
546,144,40651,2,-0.08,0.8986564000002112,0.42400253
547,62,40713,-1,-0.08,0.8984332000002117,0.41839236
548,215,40928,1,-0.06,0.8976592000002133,0.41359168
549,101,41029,0,-0.06,0.897295600000214,0.43084407
550,51,41080,-1,-0.07,0.8971120000002144,0.43027014
551,60,41140,-1,-0.11,0.8968960000002149,0.41924804
552,101,41241,0,-0.11,0.8965324000002156,0.4323771
553,42,41283,0,-0.11,0.8963812000002159,0.4201025
554,79,41362,-1,-0.11,0.8960968000002165,0.42122418
555,89,41451,1,-0.1,0.8957764000002172,0.430129
556,111,41562,0,-0.16,0.895376800000218,0.43722343
557,101,41663,0,-0.15,0.8950132000002188,0.41453624
558,101,41764,0,-0.14,0.8946496000002195,0.4102611
559,101,41865,0,-0.15,0.8942860000002203,0.4324767
560,101,41966,0,-0.15,0.893922400000221,0.4103878
561,101,42067,0,-0.16,0.8935588000002218,0.41511074
562,94,42161,2,-0.14,0.8932204000002225,0.42904383
563,101,42262,0,-0.13,0.8928568000002233,0.4063127
564,101,42363,0,-0.12,0.892493200000224,0.4220279
565,165,42528,1,-0.11,0.8918992000002253,0.46413657
566,60,42588,-1,-0.13,0.8916832000002257,0.4685861
567,78,42666,-1,-0.13,0.8914024000002263,0.46034732
568,40,42706,-1,-0.13,0.8912584000002266,0.45921054
569,101,42807,0,-0.12,0.8908948000002274,0.45808876
570,85,42892,-1,-0.13,0.890588800000228,0.47186852
571,59,42951,-1,-0.14,0.8903764000002284,0.46324062
572,101,43052,0,-0.13,0.8900128000002292,0.45667326
573,29,43081,-1,-0.13,0.8899084000002294,0.4613159
574,59,43140,-1,-0.13,0.8896960000002299,0.4681013
575,70,43210,-1,-0.13,0.8894440000002304,0.45743963
576,48,43258,-1,-0.13,0.8892712000002307,0.46132767
577,48,43306,-1,-0.15,0.8890984000002311,0.46365714
578,72,43378,-1,-0.15,0.8888392000002316,0.4547696
579,30,43408,-1,-0.16,0.8887312000002319,0.45662564
580,101,43509,0,-0.15,0.8883676000002326,0.45184845
581,195,43704,2,-0.12,0.8876656000002341,0.4500212
582,50,43754,0,-0.11,0.8874856000002345,0.45647693
583,74,43828,-1,-0.11,0.887219200000235,0.4583733
584,101,43929,0,-0.11,0.8868556000002358,0.46719086
585,56,43985,0,-0.11,0.8866540000002362,0.45443845
586,101,44086,0,-0.11,0.886290400000237,0.47020423
587,35,44121,0,-0.12,0.8861644000002372,0.45428735
588,95,44216,-1,-0.12,0.8858224000002379,0.45316872
589,100,44316,-1,-0.12,0.8854624000002387,0.44337088
590,89,44405,-1,-0.13,0.8851420000002393,0.46056175
591,84,44489,-1,-0.14,0.88483960000024,0.46962354
592,57,44546,-1,-0.15,0.8846344000002404,0.4583771
593,60,44606,0,-0.14,0.8844184000002409,0.45732024
594,74,44680,-1,-0.14,0.8841520000002414,0.46876314
595,28,44708,-1,-0.2,0.8840512000002416,0.4457994
596,101,44809,0,-0.2,0.8836876000002424,0.46455067
597,101,44910,0,-0.19,0.8833240000002431,0.47180617
598,101,45011,0,-0.18,0.8829604000002439,0.4561836
599,85,45096,-1,-0.18,0.8826544000002445,0.44888148
600,101,45197,0,-0.19,0.8822908000002453,0.45401967
601,101,45298,0,-0.18,0.881927200000246,0.45747036
602,97,45395,-1,-0.19,0.8815780000002468,0.46007213
603,101,45496,0,-0.18,0.8812144000002475,0.46400136
604,101,45597,0,-0.17,0.8808508000002483,0.45189768
605,79,45676,1,-0.17,0.8805664000002489,0.46069998
606,97,45773,-1,-0.18,0.8802172000002496,0.45946795
607,78,45851,-1,-0.19,0.8799364000002502,0.4604723
608,80,45931,-1,-0.2,0.8796484000002508,0.462048
609,57,45988,-1,-0.2,0.8794432000002512,0.46459907
610,240,46228,7,-0.12,0.878579200000253,0.45603698
611,101,46329,0,-0.11,0.8782156000002538,0.4564764
612,46,46375,-1,-0.11,0.8780500000002541,0.45721895
613,101,46476,0,-0.1,0.8776864000002549,0.45213008
614,145,46621,1,-0.08,0.877164400000256,0.46079385
615,88,46709,-1,-0.09,0.8768476000002566,0.4628946
616,181,46890,1,-0.08,0.876196000000258,0.44370535
617,68,46958,-1,-0.08,0.8759512000002585,0.44624954
618,91,47049,3,-0.04,0.8756236000002592,0.45349586
619,57,47106,0,-0.05,0.8754184000002596,0.46071833
620,76,47182,-1,-0.13,0.8751448000002602,0.45259896
621,35,47217,-1,-0.13,0.8750188000002604,0.45669195
622,101,47318,0,-0.12,0.8746552000002612,0.46078417
623,101,47419,0,-0.11,0.874291600000262,0.46309185
624,56,47475,-1,-0.12,0.8740900000002624,0.45953003
625,48,47523,0,-0.12,0.8739172000002627,0.45555183
626,101,47624,0,-0.11,0.8735536000002635,0.4522372
627,82,47706,-1,-0.12,0.8732584000002641,0.45128852
628,58,47764,1,-0.11,0.8730496000002645,0.45618218
629,101,47865,-1,-0.12,0.8726860000002653,0.45141786
630,101,47966,0,-0.13,0.8723224000002661,0.44727167
631,37,48003,-1,-0.14,0.8721892000002663,0.44299233
632,39,48042,-1,-0.16,0.8720488000002666,0.4614485
633,101,48143,0,-0.16,0.8716852000002674,0.46040606
634,52,48195,-1,-0.16,0.8714980000002678,0.4637708
635,81,48276,-1,-0.16,0.8712064000002684,0.46585923
636,112,48388,0,-0.15,0.8708032000002692,0.4472636
637,101,48489,0,-0.14,0.87043960000027,0.47539437
638,101,48590,0,-0.13,0.8700760000002707,0.4537771
639,56,48646,-1,-0.23,0.8698744000002712,0.4495614
640,195,48841,1,-0.21,0.8691724000002726,0.4570542
641,43,48884,0,-0.2,0.869017600000273,0.45178223
642,101,48985,0,-0.19,0.8686540000002737,0.45505935
643,71,49056,-1,-0.2,0.8683984000002742,0.4672281
644,67,49123,-1,-0.21,0.8681572000002747,0.44940796
645,101,49224,0,-0.21,0.8677936000002755,0.4572233
646,76,49300,4,-0.19,0.8675200000002761,0.46051058
647,101,49401,0,-0.18,0.8671564000002768,0.45907336
648,36,49437,-1,-0.2,0.8670268000002771,0.45648718
649,77,49514,-1,-0.21,0.8667496000002777,0.44793123
650,277,49791,7,-0.13,0.8657524000002798,0.44669467
651,53,49844,-1,-0.13,0.8655616000002802,0.46226576
652,101,49945,0,-0.13,0.8651980000002809,0.46476132
653,101,50046,0,-0.13,0.8648344000002817,0.46663022
654,40,50086,-1,-0.13,0.864690400000282,0.45269734
655,54,50140,-1,-0.15,0.8644960000002824,0.4619908
656,101,50241,0,-0.15,0.8641324000002831,0.4609004
657,72,50313,1,-0.14,0.8638732000002837,0.45246142
658,53,50366,-1,-0.15,0.8636824000002841,0.46880603
659,67,50433,-1,-0.16,0.8634412000002846,0.46266496
660,101,50534,0,-0.16,0.8630776000002853,0.4644212
661,90,50624,-1,-0.17,0.862753600000286,0.4575358
662,43,50667,-1,-0.2,0.8625988000002863,0.45350197
663,101,50768,0,-0.2,0.8622352000002871,0.45690936
664,74,50842,-1,-0.21,0.8619688000002876,0.45967227
665,101,50943,0,-0.22,0.8616052000002884,0.45126683
666,62,51005,-1,-0.22,0.8613820000002889,0.4523738
667,82,51087,-1,-0.22,0.8610868000002895,0.44711435
668,29,51116,-1,-0.22,0.8609824000002897,0.45527995
669,101,51217,0,-0.22,0.8606188000002905,0.45282668
670,104,51321,5,-0.16,0.8602444000002912,0.4515551
671,67,51388,-1,-0.16,0.8600032000002917,0.47518653
672,92,51480,2,-0.14,0.8596720000002924,0.4523942
673,60,51540,-1,-0.14,0.8594560000002929,0.43729973
674,101,51641,0,-0.13,0.8590924000002936,0.45418444
675,101,51742,0,-0.12,0.8587288000002944,0.45693412
676,170,51912,2,-0.09,0.8581168000002957,0.4551621
677,113,52025,1,-0.07,0.8577100000002965,0.44796276
678,101,52126,0,-0.06,0.8573464000002973,0.46221873
679,110,52236,1,-0.04,0.8569504000002981,0.46585894
680,92,52328,-1,-0.05,0.8566192000002988,0.46009508
681,84,52412,-1,-0.08,0.8563168000002994,0.46209162
682,101,52513,0,-0.08,0.8559532000003002,0.5036868
683,150,52663,1,-0.06,0.8554132000003013,0.48657203
684,97,52760,0,-0.06,0.855064000000302,0.46383536
685,88,52848,-1,-0.07,0.8547472000003027,0.48363617
686,90,52938,-1,-0.08,0.8544232000003034,0.48970336
687,101,53039,0,-0.08,0.8540596000003041,0.48191407
688,104,53143,6,-0.01,0.8536852000003049,0.46390754
689,36,53179,-1,-0.01,0.8535556000003052,0.48503023
690,101,53280,0,0.0,0.8531920000003059,0.477448
691,78,53358,1,0.02,0.8529112000003065,0.46609086
692,178,53536,2,0.05,0.8522704000003078,0.4863169
693,72,53608,-1,0.04,0.8520112000003084,0.4853707
694,44,53652,-1,0.04,0.8518528000003087,0.49198377
695,101,53753,0,0.05,0.8514892000003095,0.48550588
696,65,53818,-1,0.04,0.85125520000031,0.49346954
697,101,53919,0,0.04,0.8508916000003107,0.48430395
698,101,54020,0,0.04,0.8505280000003115,0.47945267
699,48,54068,-1,0.04,0.8503552000003118,0.48174375
700,99,54167,-1,0.03,0.8499988000003126,0.4913513
701,101,54268,0,0.03,0.8496352000003133,0.47820058
702,108,54376,7,0.11,0.8492464000003141,0.48857552
703,101,54477,0,0.11,0.8488828000003149,0.46564266
704,105,54582,0,0.11,0.8485048000003157,0.4778093
705,101,54683,0,0.1,0.8481412000003165,0.46962762
706,101,54784,0,0.11,0.8477776000003172,0.48134583
707,101,54885,0,0.12,0.847414000000318,0.4632051
708,124,55009,1,0.14,0.8469676000003189,0.4848817
709,101,55110,0,0.15,0.8466040000003197,0.4683861
710,54,55164,-1,0.07,0.8464096000003201,0.48011297
711,101,55265,0,0.07,0.8460460000003208,0.48684752
712,103,55368,5,0.13,0.8456752000003216,0.47693568
713,52,55420,-1,0.12,0.845488000000322,0.4839752
714,45,55465,-1,0.1,0.8453260000003223,0.48440158
715,63,55528,-1,0.1,0.8450992000003228,0.48332298
716,153,55681,6,0.15,0.8445484000003239,0.47925124
717,144,55825,0,0.16,0.844030000000325,0.48066953
718,100,55925,-1,0.12,0.8436700000003258,0.478937
719,97,56022,-1,0.11,0.8433208000003265,0.48780936
720,101,56123,0,0.12,0.8429572000003273,0.4776991
721,81,56204,-1,0.12,0.8426656000003279,0.4854444
722,137,56341,1,0.13,0.8421724000003289,0.48908675
723,101,56442,0,0.13,0.8418088000003296,0.48433444
724,118,56560,0,0.14,0.8413840000003305,0.4800886
725,48,56608,-1,0.13,0.8412112000003309,0.47781235
726,49,56657,-1,0.12,0.8410348000003313,0.48921144
727,33,56690,0,0.13,0.8409160000003315,0.48696253
728,132,56822,1,0.13,0.8404408000003325,0.48414624
729,101,56923,0,0.14,0.8400772000003333,0.4916873
730,99,57022,-1,0.13,0.839720800000334,0.47124466
731,96,57118,-1,0.13,0.8393752000003347,0.48843917
732,147,57265,7,0.21,0.8388460000003358,0.48788708
733,93,57358,1,0.22,0.8385112000003365,0.48857218
734,29,57387,0,0.23,0.8384068000003367,0.48019075
735,103,57490,2,0.26,0.8380360000003375,0.4668571
736,66,57556,1,0.27,0.837798400000338,0.48161498
737,86,57642,-1,0.26,0.8374888000003387,0.47610515
738,44,57686,-1,0.25,0.837330400000339,0.48100054
739,101,57787,0,0.26,0.8369668000003397,0.47203797
740,101,57888,0,0.25,0.8366032000003405,0.47175682
741,99,57987,-1,0.24,0.8362468000003412,0.46673483
742,101,58088,0,0.24,0.835883200000342,0.47908747
743,101,58189,0,0.25,0.8355196000003428,0.47356305
744,101,58290,0,0.26,0.8351560000003435,0.47273862
745,101,58391,0,0.26,0.8347924000003443,0.4733897
746,101,58492,0,0.22,0.834428800000345,0.47210023
747,101,58593,0,0.22,0.8340652000003458,0.4846381
748,91,58684,-1,0.22,0.8337376000003465,0.46772164
749,95,58779,-1,0.22,0.8333956000003472,0.4952477
750,35,58814,-1,0.14,0.8332696000003474,0.49115485
751,189,59003,4,0.19,0.8325892000003489,0.48605877
752,101,59104,0,0.19,0.8322256000003496,0.4825039
753,191,59295,1,0.2,0.831538000000351,0.48134637
754,41,59336,0,0.21,0.8313904000003514,0.48793715
755,101,59437,0,0.22,0.8310268000003521,0.474383
756,163,59600,0,0.22,0.8304400000003533,0.47606653
757,101,59701,0,0.21,0.8300764000003541,0.48218238
758,85,59786,-1,0.21,0.8297704000003547,0.475312
759,92,59878,-1,0.21,0.8294392000003554,0.47443855
760,97,59975,-1,0.2,0.8290900000003562,0.4798758
761,101,60076,0,0.21,0.8287264000003569,0.47790396
762,58,60134,-1,0.21,0.8285176000003573,0.47564736
763,101,60235,0,0.21,0.8281540000003581,0.48196727
764,59,60294,-1,0.21,0.8279416000003585,0.4772637
765,224,60518,11,0.32,0.8271352000003602,0.47702512
766,304,60822,7,0.4,0.8260408000003625,0.47588053
767,101,60923,0,0.41,0.8256772000003633,0.47724628
768,105,61028,0,0.42,0.825299200000364,0.463941
769,101,61129,0,0.42,0.8249356000003648,0.46185613
770,95,61224,-1,0.36,0.8245936000003655,0.47645983
771,33,61257,0,0.37,0.8244748000003658,0.48275834
772,101,61358,0,0.35,0.8241112000003665,0.4810488
773,51,61409,-1,0.35,0.8239276000003669,0.4620574
774,123,61532,5,0.4,0.8234848000003678,0.48083812
775,127,61659,1,0.41,0.8230276000003688,0.48982587
776,101,61760,0,0.39,0.8226640000003695,0.4784904
777,71,61831,-1,0.37,0.8224084000003701,0.4708169
778,40,61871,-1,0.36,0.8222644000003704,0.47824425
779,91,61962,0,0.35,0.8219368000003711,0.4779895
780,127,62089,1,0.37,0.821479600000372,0.47457427
781,43,62132,0,0.38,0.8213248000003723,0.4672574
782,101,62233,0,0.38,0.8209612000003731,0.4885894
783,85,62318,-1,0.36,0.8206552000003737,0.48191562
784,45,62363,-1,0.35,0.8204932000003741,0.4747188
785,97,62460,-1,0.35,0.8201440000003748,0.47179496
786,97,62557,1,0.37,0.8197948000003755,0.48485172
787,101,62658,0,0.37,0.8194312000003763,0.4963668
788,101,62759,0,0.31,0.819067600000377,0.49060822
789,87,62846,2,0.34,0.8187544000003777,0.48700166
790,85,62931,-1,0.33,0.8184484000003783,0.47520775
791,89,63020,-1,0.31,0.818128000000379,0.49406812
792,76,63096,7,0.36,0.8178544000003796,0.49145108
793,101,63197,0,0.37,0.8174908000003803,0.47728956
794,30,63227,-1,0.37,0.8173828000003805,0.49402827
795,52,63279,-1,0.36,0.8171956000003809,0.47026417
796,57,63336,-1,0.36,0.8169904000003814,0.47975957
797,51,63387,0,0.36,0.8168068000003817,0.48844612
798,91,63478,0,0.36,0.8164792000003824,0.48132423
799,60,63538,1,0.38,0.8162632000003829,0.4882164
800,65,63603,-1,0.38,0.8160292000003834,0.48516613
801,188,63791,4,0.42,0.8153524000003848,0.49733436
802,78,63869,-1,0.34,0.8150716000003854,0.4927444
803,42,63911,-1,0.33,0.8149204000003857,0.4811596
804,35,63946,-1,0.32,0.8147944000003859,0.47811866
805,42,63988,0,0.32,0.8146432000003863,0.48272055
806,142,64130,7,0.39,0.8141320000003873,0.49055967
807,101,64231,0,0.39,0.8137684000003881,0.49525613
808,101,64332,0,0.38,0.8134048000003888,0.48367992
809,111,64443,4,0.42,0.8130052000003897,0.48664767
810,56,64499,0,0.43,0.8128036000003901,0.49644035
